[{
    "ISBN": 10761,
    "Año": 1999,
    "Idioma": "Aleman",
    "Titulo": "Harry Potter and the chamber of secrets, v 2",
    "Editorial": "20th Century Fox",
    "Autor": "ESCOBAR WOLF, WIELAND JOSÃ‰",
    "Edicion": 1,
    "Categoria": "Sagas"
}, {
    "ISBN": 10763,
    "Año": 1891,
    "Idioma": "Español",
    "Titulo": "Curso de derecho constitucional",
    "Editorial": "3M EspaÃ±a",
    "Autor": "ESCOBAR, DAVID",
    "Edicion": 2,
    "Categoria": "Consulta"
}, {
    "ISBN": 10765,
    "Año": 1999,
    "Idioma": "Ingles",
    "Titulo": "Canales de comercialización",
    "Editorial": "3R EDITORES",
    "Autor": "ESCOBAR, FRANCISCO",
    "Edicion": 1,
    "Categoria": "Consulta"
}, {
    "ISBN": 10768,
    "Año": 2001,
    "Idioma": "Frances",
    "Titulo": "Planeación estratégica aplicada",
    "Editorial": "A Lessons in Leadership Publications",
    "Autor": "ESCOBAR, FRANCISCO ANDRÃ‰S",
    "Edicion": 2,
    "Categoria": "Consulta"
}, {
    "ISBN": 10770,
    "Año": 2001,
    "Idioma": "Frances",
    "Titulo": "Marketing",
    "Editorial": "A New Directions Book",
    "Autor": "ESCOBAR, JORGE R",
    "Edicion": 1,
    "Categoria": "Consulta"
}, {
    "ISBN": 10772,
    "Año": 1997,
    "Idioma": "Español",
    "Titulo": "Las Ventas en el mundo actual",
    "Editorial": "A Plume Book",
    "Autor": "ESCOBEDO ARIAS DE TORALLA, LAURA LUCRECIA",
    "Edicion": 1,
    "Categoria": "Informativos"
}, {
    "ISBN": 10773,
    "Año": 1990,
    "Idioma": "Español",
    "Titulo": "Procesamiento de carnes y embutidos; elaboración, estandarización, control de calidad",
    "Editorial": "A&E Home Video",
    "Autor": "ESCOBEDO MENCOS, OLIVIA",
    "Edicion": 1,
    "Categoria": "Informativos"
}, {
    "ISBN": 10774,
    "Año": 2000,
    "Idioma": "Español",
    "Titulo": "Optimización de rendimiento y aseguramiento de inocuidad en la industria de queserÃ­a; una guÃ­a para la pequeÃ±a y mediana empresa",
    "Editorial": "A&E Mundo",
    "Autor": "ESCOBEDO ORTEGA, AARÃ“N",
    "Edicion": 1,
    "Categoria": "Informativos"
}, {
    "ISBN": 10775,
    "Año": 2000,
    "Idioma": "Español",
    "Titulo": "Producción higiénica de la leche cruda; una guÃ­a para la pequeÃ±a y mediana empresa",
    "Editorial": "A&E TELEVISION NETWORK",
    "Autor": "ESCOFFIER, HENRI",
    "Edicion": 1,
    "Categoria": "Informativos"
}, {
    "ISBN": 10783,
    "Año": 1957,
    "Idioma": "Español",
    "Titulo": "Moral para intelectuales",
    "Editorial": "A. & C. Black",
    "Autor": "ESCOLÁ GIL, RAFAEL",
    "Edicion": 1,
    "Categoria": "Informativos"
}, {
    "ISBN": 10786,
    "Año": 1946,
    "Idioma": "Español",
    "Titulo": "La idea del hombre",
    "Editorial": "A. A. Knopf",
    "Autor": "ESCOLA, HÃ‰CTOR JORGE",
    "Edicion": 2,
    "Categoria": "Informativos"
}, {
    "ISBN": 10787,
    "Año": 1957,
    "Idioma": "Español",
    "Titulo": "La nueva imagen del hombre comÃºn",
    "Editorial": "A. AL. BURT",
    "Autor": "ESCOLAR BAREÃ‘O, LUIS",
    "Edicion": 3,
    "Categoria": "Biografia"
}, {
    "ISBN": 10790,
    "Año": 1956,
    "Idioma": "Español",
    "Titulo": "Pragmatismo y educación: su interpretación y crÃ­tica / John L. Childs.",
    "Editorial": "A. Pedone",
    "Autor": "ESCOTO MELGAR, NORA LISSETH",
    "Edicion": 2,
    "Categoria": "Literatura"
}, {
    "ISBN": 10791,
    "Año": 1946,
    "Idioma": "Español",
    "Titulo": "Historia de la etnologÃ­a",
    "Editorial": "A. REDONDO",
    "Autor": "ESCOTT-STUMP",
    "Edicion": 4,
    "Categoria": "Literatura"
}, {
    "ISBN": 10792,
    "Año": 1970,
    "Idioma": "Español",
    "Titulo": "El cristianismo y las religiones de la Tierra",
    "Editorial": "A. Taffin-Lefort",
    "Autor": "ESCRIB BARNOYA, EDGAR MIGUEL",
    "Edicion": 4,
    "Categoria": "Literatura"
}, {
    "ISBN": 10793,
    "Año": 1946,
    "Idioma": "Español",
    "Titulo": "El misterio de MarÃ­a",
    "Editorial": "A. W. Sijthoff",
    "Autor": "ESCRIBÁ FIGUEROA, MARÍA DE LOS ÁNGELES",
    "Edicion": 3,
    "Categoria": "Ensayo"
}, {
    "ISBN": 10794,
    "Año": 1940,
    "Idioma": "Español",
    "Titulo": "Mil quinientas [1,500]... mÃ¡ximas y sentencias de los mÃ¡s destacados filósofos de todos los tiempos",
    "Editorial": "A. W. Sythoff",
    "Autor": "ESCRIBÁ FIGUEROA, MARÍA ISABEL",
    "Edicion": 4,
    "Categoria": "Ensayo"
}, {
    "ISBN": 10795,
    "Año": 1950,
    "Idioma": "Aleman",
    "Titulo": "Viajar es vivir (parÃ¡bola imperfecta) / Juan José Arévalo Bermejo.",
    "Editorial": "A.A.",
    "Autor": "ESCRIBÁ HERNÁNDEZ, LILY ANA REGINA",
    "Edicion": 4,
    "Categoria": "Ensayo"
}, {
    "ISBN": 10797,
    "Año": 1929,
    "Idioma": "Español",
    "Titulo": "El misterio de la vida",
    "Editorial": "A.C.A.M.",
    "Autor": "ESCRIBÁ MARTÍNEZ, LILY ANA REGINA",
    "Edicion": 2,
    "Categoria": "Ensayo"
}, {
    "ISBN": 10798,
    "Año": 1945,
    "Idioma": "Ingles",
    "Titulo": "MarÃ­a Chapdelaine",
    "Editorial": "A.C.M.E.",
    "Autor": "ESCRIBA SANDOVAL, ANA LUCÍA",
    "Edicion": 4,
    "Categoria": "Ensayo"
}, {
    "ISBN": 10799,
    "Año": 1962,
    "Idioma": "Frances",
    "Titulo": "Titanes de la canción guatemalteca",
    "Editorial": "A.D.A. Edita",
    "Autor": "ESCRIBÁ, LIGIA",
    "Edicion": 2,
    "Categoria": "Lírico"
}, {
    "ISBN": 10801,
    "Año": 1967,
    "Idioma": "Frances",
    "Titulo": "SociologÃ­a de la educación",
    "Editorial": "A.F.A.",
    "Autor": "ESCRIU FONT, CARMEN MARÍA",
    "Edicion": 2,
    "Categoria": "Lírico"
}, {
    "ISBN": 10802,
    "Año": 1953,
    "Idioma": "Español",
    "Titulo": "Thomas Jefferson; biografÃ­a",
    "Editorial": "A.G.A.Y.C.",
    "Autor": "ESCRIVÁ DE BALAGUER, JOSEMARÍA",
    "Edicion": 4,
    "Categoria": "Lírico"
}, {
    "ISBN": 10803,
    "Año": 1924,
    "Idioma": "Español",
    "Titulo": "Hombres de América (Montalvo - BolÃ­var - Rubén DarÃ­o). Discursos parlamentarios",
    "Editorial": "A.I.D.I.P.E.",
    "Autor": "ESCRIVÁ, VICENTE",
    "Edicion": 4,
    "Categoria": "Lírico"
}, {
    "ISBN": 10804,
    "Año": 1945,
    "Idioma": "Español",
    "Titulo": "Historia de las grandes religiones, v. 5",
    "Editorial": "A.L. Mateos",
    "Autor": "ESCRIVÁ-IVARS, JAVIER",
    "Edicion": 4,
    "Categoria": "Lírico"
}, {
    "ISBN": 10806,
    "Año": 1999,
    "Idioma": "Español",
    "Titulo": "EnseÃ±ar a pensar",
    "Editorial": "A.L.A.",
    "Autor": "ESCUDERO LEHNHOFF, MARÍA ISABEL",
    "Edicion": 4,
    "Categoria": "Lírico"
}, {
    "ISBN": 10807,
    "Año": 2001,
    "Idioma": "Español",
    "Titulo": "Educar el carÃ¡cter",
    "Editorial": "A.T.E.",
    "Autor": "ESCUDERO POBLETE, GASTÃ“N",
    "Edicion": 1,
    "Categoria": "Épico"
}, {
    "ISBN": 10808,
    "Año": 2001,
    "Idioma": "Español",
    "Titulo": "Educar los sentimientos",
    "Editorial": "AATCC",
    "Autor": "ESCUDERO, JORDI AINAUD I",
    "Edicion": 1,
    "Categoria": "Épico"
}, {
    "ISBN": 10809,
    "Año": 2001,
    "Idioma": "Español",
    "Titulo": "Cómo educar la voluntad",
    "Editorial": "AB Allhems Tryckerier",
    "Autor": "ESCUDERO, JOSÃ‰ ANTONIO",
    "Edicion": 1,
    "Categoria": "Épico"
}, {
    "ISBN": 10810,
    "Año": 1969,
    "Idioma": "Español",
    "Titulo": "SociologÃ­a de la educación",
    "Editorial": "Ábaco",
    "Autor": "ESCUÃ‰, JOSEP",
    "Edicion": 1,
    "Categoria": "Drama"
}, {
    "ISBN": 10812,
    "Año": 1958,
    "Idioma": "Español",
    "Titulo": "MetodologÃ­a de la enseÃ±anza técnica",
    "Editorial": "Ábaco de Rodolfo Depalma",
    "Autor": "ESCUELA DALY DE HOSTELERÍA Y TURISMO",
    "Edicion": 1,
    "Categoria": "Drama"
}, {
    "ISBN": 10813,
    "Año": 1971,
    "Idioma": "Español",
    "Titulo": "Las Ideas de Piaget; su aplicación en el aula",
    "Editorial": "Abacus",
    "Autor": "ESCUELA DE ESTUDIOS ADMINISTRATIVOS",
    "Edicion": 1,
    "Categoria": "Drama"
}, {
    "ISBN": 10815,
    "Año": 1996,
    "Idioma": "Español",
    "Titulo": "Manual gestión de mantenimiento a la medida",
    "Editorial": "Abada",
    "Autor": "ESCUELA DE PLANIFICACIÃ“N ALFONSO ALVAREZ LEMUS",
    "Edicion": 1,
    "Categoria": "Drama"
}, {
    "ISBN": 10816,
    "Año": 1995,
    "Idioma": "Español",
    "Titulo": "Manual de gestión de la calidad total a la medida",
    "Editorial": "ABBEVILLE PRESS",
    "Autor": "ESCUELA MEXICANA DE ARQUITECTURA, UNIVERSIDAD LA SALLE",
    "Edicion": 3,
    "Categoria": "Drama"
}, {
    "ISBN": 10817,
    "Año": 1998,
    "Idioma": "Aleman",
    "Titulo": "Terremoto empresarial",
    "Editorial": "Abbeydale Press",
    "Autor": "ESCUELA NORMAL CENTRAL DE VARONES",
    "Edicion": 1,
    "Categoria": "Drama"
}, {
    "ISBN": 10824,
    "Año": 1999,
    "Idioma": "Español",
    "Titulo": "Cuatro filósofos en busca de Dios",
    "Editorial": "Abbott",
    "Autor": "ESCUELA NORMAL PARA VARONES",
    "Edicion": 1,
    "Categoria": "Drama"
}, {
    "ISBN": 10825,
    "Año": 2001,
    "Idioma": "Ingles",
    "Titulo": "La Tolerancia y la manipulación",
    "Editorial": "ABC",
    "Autor": "ESCUELA SOCIAL JUAN XXIII",
    "Edicion": 1,
    "Categoria": "Drama"
}, {
    "ISBN": 10826,
    "Año": 1990,
    "Idioma": "Frances",
    "Titulo": "Las Claves de la eficacia empresarial; un reto a los empresarios espaÃ±oles",
    "Editorial": "Abelard-Schuman",
    "Autor": "ESCUELA SUPERIOR DE ADMINISTRACIÃ“N DE INSTITUCIONES",
    "Edicion": 1,
    "Categoria": "Revista"
}, {
    "ISBN": 10827,
    "Año": 2001,
    "Idioma": "Frances",
    "Titulo": "La Fe explicada / Leo J. Trese.",
    "Editorial": "Abeledo Perrot",
    "Autor": "ESCUELA SUPERIOR DE ADMINISTRACIÃ“N PÃšBLICA",
    "Edicion": 1,
    "Categoria": "Revista"
}, {
    "ISBN": 10828,
    "Año": 1999,
    "Idioma": "Español",
    "Titulo": "ISO 9000; auditorÃ­as internas de la calidad en la pequeÃ±a y mediana empresa",
    "Editorial": "Abeledo-Perrot",
    "Autor": "ESCUELA TÃ‰CNICA DE HOTELERÍA Y HOGAR 'ALUX'",
    "Edicion": 1,
    "Categoria": "Revista"
}, {
    "ISBN": 10829,
    "Año": 1991,
    "Idioma": "Español",
    "Titulo": "El creciente fértil y la Biblia",
    "Editorial": "AbeledoPerrot",
    "Autor": "ESCUELA TÃ‰CNICA SUPERIOR DE ARQUITECTURA DE MADRID. CÁTEDRA DE DIBUJO TÃ‰CNICO",
    "Edicion": 1,
    "Categoria": "Sagas"
}, {
    "ISBN": 10830,
    "Año": 2000,
    "Idioma": "Español",
    "Titulo": "Relación de la vida y virtudes del beato Hno. Pedro de San José de Betancurt",
    "Editorial": "Ablex Publishing",
    "Autor": "ESCUELA TÃ‰CNICA SUPERIOR DE ARQUITECTURA DE SAN SEBASTIÁN",
    "Edicion": 10,
    "Categoria": "Consulta"
}, {
    "ISBN": 10831,
    "Año": 1998,
    "Idioma": "Español",
    "Titulo": "El camino y la meta",
    "Editorial": "Abrams Comicarts",
    "Autor": "ESCUELA TÃ‰CNICA VOCACIONAL DE HOTELERÍA ALUX",
    "Edicion": 9,
    "Categoria": "Consulta"
}, {
    "ISBN": 10838,
    "Año": 2001,
    "Idioma": "Español",
    "Titulo": "Gestión de la calidad en pequeÃ±as y medianas empresas; memoria del proyecto copatrocinado por OEA /GTZ, 1982-2000",
    "Editorial": "Abril",
    "Autor": "ESDAI",
    "Edicion": 5,
    "Categoria": "Consulta"
}, {
    "ISBN": 10839,
    "Año": 1999,
    "Idioma": "Español",
    "Titulo": "El mapa; una guÃ­a para el mejoramiento de la calidad en la pequeÃ±a y mediana empresa, basada en el método de W. Edwards Deming",
    "Editorial": "AC",
    "Autor": "ESEN, ASIM",
    "Edicion": 5,
    "Categoria": "Consulta"
}, {
    "ISBN": 10840,
    "Año": 1997,
    "Idioma": "Español",
    "Titulo": "Constitución pastoral Gaudium et spes, sobre la Iglesia en el mundo actual",
    "Editorial": "Academia AntioqueÃ±a de Historia",
    "Autor": "ESHGHI, ABDOLREZA",
    "Edicion": 5,
    "Categoria": "Informativos"
}, {
    "ISBN": 10842,
    "Año": 1958,
    "Idioma": "Español",
    "Titulo": "Introducción a la ética",
    "Editorial": "Academia Boyacense de Historia",
    "Autor": "ESKEW, ROBERT K",
    "Edicion": 5,
    "Categoria": "Informativos"
}, {
    "ISBN": 10844,
    "Año": 1930,
    "Idioma": "Español",
    "Titulo": "El ocaso de un régimen",
    "Editorial": "Academia Colombiana de Historia",
    "Autor": "ESMOD",
    "Edicion": 5,
    "Categoria": "Informativos"
}, {
    "ISBN": 10846,
    "Año": 1941,
    "Idioma": "Español",
    "Titulo": "Educación polÃ­tica nacional",
    "Editorial": "Academia Colombiana de Jurisprudencia",
    "Autor": "ESOPO",
    "Edicion": 5,
    "Categoria": "Informativos"
}, {
    "ISBN": 10847,
    "Año": 1970,
    "Idioma": "Español",
    "Titulo": "De hombres sociales y movimientos polÃ­ticos / C. Wright Mills.",
    "Editorial": "Academia de Centroamérica",
    "Autor": "ESPADA REYES, OLGA ALEJANDRA",
    "Edicion": 4,
    "Categoria": "Informativos"
}, {
    "ISBN": 10848,
    "Año": 1999,
    "Idioma": "Español",
    "Titulo": "Historia de la provincia de San Vicente de Chiapa y Guatemala de la orden de Predicadores",
    "Editorial": "Academia de Diplomacia de Chile",
    "Autor": "ESPAÃ‘A",
    "Edicion": 8,
    "Categoria": "Informativos"
}, {
    "ISBN": 10850,
    "Año": 1999,
    "Idioma": "Aleman",
    "Titulo": "Historia de la provincia de San Vicente de Chiapa y Guatemala de la orden de Predicadores",
    "Editorial": "Academia de GeografÃ­a e Historia de Costa Rica",
    "Autor": "ESPAÃ‘A AYALA, JUAN ANTONIO",
    "Edicion": 8,
    "Categoria": "Biografia"
}, {
    "ISBN": 10851,
    "Año": 1999,
    "Idioma": "Español",
    "Titulo": "Historia de la provincia de San Vicente de Chiapa y Guatemala de la orden de Predicadores",
    "Editorial": "Academia de GeografÃ­a e Historia de Guatemala, AGHG",
    "Autor": "ESPAÃ‘A CALDERÃ“N, OLMEDO",
    "Edicion": 8,
    "Categoria": "Literatura"
}, {
    "ISBN": 10852,
    "Año": 1999,
    "Idioma": "Ingles",
    "Titulo": "Historia de la provincia de San Vicente de Chiapa y Guatemala de la orden de Predicadores",
    "Editorial": "Academia de Guerra Naval",
    "Autor": "ESPAÃ‘A, JUAN DE, SEUD",
    "Edicion": 7,
    "Categoria": "Literatura"
}, {
    "ISBN": 10853,
    "Año": 1999,
    "Idioma": "Frances",
    "Titulo": "Historia de la provincia de San Vicente de Chiapa y Guatemala de la orden de Predicadores",
    "Editorial": "Academia Gallega de Jurisprudencia y Legislación",
    "Autor": "ESPAÃ‘A. CONSTITUCIÃ“N",
    "Edicion": 6,
    "Categoria": "Literatura"
}, {
    "ISBN": 10854,
    "Año": 1999,
    "Idioma": "Frances",
    "Titulo": "Historia de la provincia de San Vicente de Chiapa y Guatemala de la orden de Predicadores",
    "Editorial": "ACADEMIA GIL",
    "Autor": "ESPAÃ‘A. DIRECCIÃ“N GENERAL DE ARQUITECTURA",
    "Edicion": 5,
    "Categoria": "Ensayo"
}, {
    "ISBN": 10855,
    "Año": 1958,
    "Idioma": "Español",
    "Titulo": "Descripción geogrÃ¡fico-moral de la diócesis de Goathemala, v 1",
    "Editorial": "Academia Guatemalteca de la Lengua",
    "Autor": "ESPAÃ‘A. LEYES Y DECRETOS",
    "Edicion": 4,
    "Categoria": "Ensayo"
}, {
    "ISBN": 10856,
    "Año": 1958,
    "Idioma": "Español",
    "Titulo": "Descripción geogrÃ¡fico-moral de la diócesis de Goathemala, v 2",
    "Editorial": "Academia Iberoamericana de PoesÃ­a",
    "Autor": "ESPAÃ‘A. LEYES, DECRETOS, ETC",
    "Edicion": 3,
    "Categoria": "Ensayo"
}, {
    "ISBN": 10857,
    "Año": 1983,
    "Idioma": "Español",
    "Titulo": "Communicating through letters and reports",
    "Editorial": "Academia Méxicana de Jurisprudencia y Legislación, Correspondiente de la de EspaÃ±a",
    "Autor": "ESPAÃ‘A. MINISTERIO DE CULTURA",
    "Edicion": 2,
    "Categoria": "Ensayo"
}, {
    "ISBN": 10858,
    "Año": 1985,
    "Idioma": "Español",
    "Titulo": "Aprender a dibujar : un método garantizado",
    "Editorial": "Academia Nacional de la Historia",
    "Autor": "ESPAÃ‘A. MINISTERIO DE EDUCACIÃ“N Y CIENCIA",
    "Edicion": 3,
    "Categoria": "Ensayo"
}, {
    "ISBN": 10859,
    "Año": 1996,
    "Idioma": "Español",
    "Titulo": "Jóvenes buscando un amor",
    "Editorial": "Academias Pitman",
    "Autor": "ESPAÃ‘A. MINISTERIO DE INFORMACIÃ“N Y TURISMO",
    "Edicion": 2,
    "Categoria": "Lírico"
}, {
    "ISBN": 10860,
    "Año": 1996,
    "Idioma": "Español",
    "Titulo": "El tÃºnel del amor",
    "Editorial": "Academic Press",
    "Autor": "ESPAÃ‘A. MINISTERIO DE JUSTICIA",
    "Edicion": 1,
    "Categoria": "Lírico"
}, {
    "ISBN": 10862,
    "Año": 2001,
    "Idioma": "Español",
    "Titulo": "GuÃ­a de aspectos presupuestarios y fiscales",
    "Editorial": "Académica Centroamericana",
    "Autor": "ESPAÃ‘A. MINISTERIO DE LA PRESIDENCIA",
    "Edicion": 2,
    "Categoria": "Lírico"
}, {
    "ISBN": 10871,
    "Año": 2010,
    "Idioma": "Español",
    "Titulo": "Centesimus annus / Karol Wojtyla",
    "Editorial": "Académicas",
    "Autor": "ESPAÃ‘A. MINISTERIO DE TRABAJO Y SEGURIDAD SOCIAL",
    "Edicion": 1,
    "Categoria": "Lírico"
}, {
    "ISBN": 10872,
    "Año": 1931,
    "Idioma": "Español",
    "Titulo": "Successful houses and how to build them",
    "Editorial": "ACADEMY",
    "Autor": "ESPARZA ENCINA, MICHEL",
    "Edicion": 2,
    "Categoria": "Lírico"
}, {
    "ISBN": 10873,
    "Año": 1990,
    "Idioma": "Español",
    "Titulo": "Viaje a América Central (YucatÃ¡n y Guatemala)",
    "Editorial": "Academy of American Franciscan History",
    "Autor": "ESPARZA, MICHEL",
    "Edicion": 1,
    "Categoria": "Lírico"
}, {
    "ISBN": 10874,
    "Año": 1969,
    "Idioma": "Español",
    "Titulo": "Introducción a la vida polÃ­tica",
    "Editorial": "Acali",
    "Autor": "ESPARZA, MIGUEL ÁNGEL",
    "Edicion": 2,
    "Categoria": "Épico"
}, {
    "ISBN": 10875,
    "Año": 1966,
    "Idioma": "Español",
    "Titulo": "El lenguaje y la vida humana",
    "Editorial": "Acantilado",
    "Autor": "ESPASA-CALPE",
    "Edicion": 1,
    "Categoria": "Épico"
}, {
    "ISBN": 10876,
    "Año": 1964,
    "Idioma": "Aleman",
    "Titulo": "SociologÃ­a de la educación",
    "Editorial": "ACANTO",
    "Autor": "ESPEJA, JESÃšS",
    "Edicion": 1,
    "Categoria": "Épico"
}, {
    "ISBN": 10877,
    "Año": 1965,
    "Idioma": "Español",
    "Titulo": "Educación y sociedad : introducción a la sociologÃ­a de la educación",
    "Editorial": "ACC Art Books",
    "Autor": "ESPEJO CALLADO, JORGE",
    "Edicion": 1,
    "Categoria": "Drama"
}, {
    "ISBN": 10878,
    "Año": 1963,
    "Idioma": "Ingles",
    "Titulo": "La rebelión de las masas",
    "Editorial": "ACCE",
    "Autor": "ESPEJO T., ROMILIO",
    "Edicion": 1,
    "Categoria": "Drama"
}, {
    "ISBN": 10884,
    "Año": 1999,
    "Idioma": "Frances",
    "Titulo": "La Guerra y la paz",
    "Editorial": "Access Press",
    "Autor": "ESPESO DÍEZ, MARÍA BELÃ‰N",
    "Edicion": 1,
    "Categoria": "Drama"
}, {
    "ISBN": 10886,
    "Año": 2000,
    "Idioma": "Frances",
    "Titulo": "Educación en valores a partir de los clÃ¡sicos greco-latinos; una propuesta de intervención en secundaria",
    "Editorial": "Acción Católica Guatemalteca",
    "Autor": "ESPICH, JAMES E",
    "Edicion": 1,
    "Categoria": "Drama"
}, {
    "ISBN": 10890,
    "Año": 1962,
    "Idioma": "Español",
    "Titulo": "PolÃ­tica y sociedad en una época de transición",
    "Editorial": "Acción Ciudadana",
    "Autor": "ESPIGARES FONG, LILIAN PATRICIA",
    "Edicion": 2,
    "Categoria": "Drama"
}, {
    "ISBN": 10891,
    "Año": 1972,
    "Idioma": "Español",
    "Titulo": "SociologÃ­a de la educación",
    "Editorial": "Acción DemocrÃ¡tica Boliviana",
    "Autor": "ESPINA CASTELLANOS, CANDY ANAHÍ",
    "Edicion": 3,
    "Categoria": "Drama"
}, {
    "ISBN": 10892,
    "Año": 1989,
    "Idioma": "Español",
    "Titulo": "Multinational financial management",
    "Editorial": "Acción Social Empresarial, ASE",
    "Autor": "ESPINA PAZ, WENDY LISSETTE",
    "Edicion": 2,
    "Categoria": "Drama"
}, {
    "ISBN": 10893,
    "Año": 1961,
    "Idioma": "Español",
    "Titulo": "Corporation accounts and statements; an advanced course",
    "Editorial": "ACE Books",
    "Autor": "ESPINA SANDOVAL, KEVIN ALEJANDRO",
    "Edicion": 4,
    "Categoria": "Drama"
}, {
    "ISBN": 10894,
    "Año": 1951,
    "Idioma": "Español",
    "Titulo": "Introducción al estudio de la mÃºsica",
    "Editorial": "Acento",
    "Autor": "ESPINA, ANTONIO",
    "Edicion": 4,
    "Categoria": "Revista"
}, {
    "ISBN": 10896,
    "Año": 1962,
    "Idioma": "Español",
    "Titulo": "SociologÃ­a de la educación",
    "Editorial": "ACEPRENSA",
    "Autor": "ESPINA, WIFREDO",
    "Edicion": 3,
    "Categoria": "Revista"
}, {
    "ISBN": 10902,
    "Año": 1966,
    "Idioma": "Español",
    "Titulo": "El hombre y el dinero: (vistos a la luz de la enseÃ±anza de la Biblia y el Evangelio) / Jacques Ellul ; versión castellana Juan Gil Albert.",
    "Editorial": "ACER",
    "Autor": "ESPINAR, JAIME",
    "Edicion": 4,
    "Categoria": "Revista"
}, {
    "ISBN": 10905,
    "Año": 1937,
    "Idioma": "Español",
    "Titulo": "Â¡EspaÃ±a, despierta! (Lo que es el nacional-sindicalismo) por X.Y.Z.",
    "Editorial": "ACERVO",
    "Autor": "ESPINAS, JOSÃ‰ MARÍA",
    "Edicion": 4,
    "Categoria": "Sagas"
}, {
    "ISBN": 10907,
    "Año": 1997,
    "Idioma": "Español",
    "Titulo": "Las ventas en el mundo actual",
    "Editorial": "Acervo Cultural",
    "Autor": "ESPINO GARCÍA, GABRIEL",
    "Edicion": 2,
    "Categoria": "Consulta"
}, {
    "ISBN": 10910,
    "Año": 1960,
    "Idioma": "Español",
    "Titulo": "Problemas y métodos de investigación en la historia de la filosofÃ­a",
    "Editorial": "Achenbach Foundation for Graphic Arts",
    "Autor": "ESPINO MÁRQUEZ, LUIS I",
    "Edicion": 4,
    "Categoria": "Consulta"
}, {
    "ISBN": 10912,
    "Año": 1962,
    "Idioma": "Español",
    "Titulo": "La Educación de los padres",
    "Editorial": "ACME",
    "Autor": "ESPINO, ALFREDO",
    "Edicion": 2,
    "Categoria": "Consulta"
}, {
    "ISBN": 10916,
    "Año": 1994,
    "Idioma": "Español",
    "Titulo": "La Odisea",
    "Editorial": "Acme Agency",
    "Autor": "ESPINO, MIGUEL ÁNGEL",
    "Edicion": 2,
    "Categoria": "Consulta"
}, {
    "ISBN": 10927,
    "Año": 2000,
    "Idioma": "Aleman",
    "Titulo": "Evaluación de impacto en formación empresarial ; el caso FUNDES",
    "Editorial": "ACNUR",
    "Autor": "ESPINÃ“S, VÍCTOR",
    "Edicion": 4,
    "Categoria": "Informativos"
}, {
    "ISBN": 10928,
    "Año": 1977,
    "Idioma": "Español",
    "Titulo": "Cómo resolver el problema de falta de tiempo",
    "Editorial": "ACOME",
    "Autor": "ESPINOSA AJA DE GAITÁN, CRISTINA FLOR DEL ROCÍO",
    "Edicion": 4,
    "Categoria": "Informativos"
}, {
    "ISBN": 10930,
    "Año": 1965,
    "Idioma": "Ingles",
    "Titulo": "PsicologÃ­a aplicada a la enseÃ±anza",
    "Editorial": "ACOUSTIC COMMUNICATIONS GROUP",
    "Autor": "ESPINOSA AJA, HÃ‰CTOR OMAR",
    "Edicion": 4,
    "Categoria": "Informativos"
}, {
    "ISBN": 10932,
    "Año": 1987,
    "Idioma": "Frances",
    "Titulo": "Pan Am: an airline and its aircraft",
    "Editorial": "ACPD",
    "Autor": "ESPINOSA ALARCÃ“N, ANDRÃ‰S",
    "Edicion": 4,
    "Categoria": "Informativos"
}, {
    "ISBN": 10933,
    "Año": 1967,
    "Idioma": "Frances",
    "Titulo": "La Mujer de pelo largo / Leonor Paz y Paz G.",
    "Editorial": "ACRIBIA",
    "Autor": "ESPINOSA DE LOS MONTEROS, ORLANDO",
    "Edicion": 1,
    "Categoria": "Informativos"
}, {
    "ISBN": 10934,
    "Año": 1923,
    "Idioma": "Español",
    "Titulo": "El libro de la piedad y de la muerte",
    "Editorial": "Acropolis",
    "Autor": "ESPINOSA MORETT, ALFREDO",
    "Edicion": 1,
    "Categoria": "Informativos"
}, {
    "ISBN": 10935,
    "Año": 1927,
    "Idioma": "Español",
    "Titulo": "PolÃ­tica. Figuras. Paisajes",
    "Editorial": "Actar",
    "Autor": "ESPINOSA PÃ“LIT, AURELIO",
    "Edicion": 1,
    "Categoria": "Biografia"
}, {
    "ISBN": 10936,
    "Año": 1955,
    "Idioma": "Español",
    "Titulo": "Educación y vida",
    "Editorial": "Action Media",
    "Autor": "ESPINOSA, GUADALUPE",
    "Edicion": 1,
    "Categoria": "Literatura"
}, {
    "ISBN": 10937,
    "Año": 1959,
    "Idioma": "Español",
    "Titulo": "Lo que EspaÃ±a lleva a America",
    "Editorial": "Actualidad Económica",
    "Autor": "ESPINOZA AGUILERA, RAÃšL",
    "Edicion": 1,
    "Categoria": "Literatura"
}, {
    "ISBN": 10938,
    "Año": 1973,
    "Idioma": "Español",
    "Titulo": "Desarrollo organizacional : estrategias de interrelación humana para el desarrollo de organizaciones v 1 Desarrollo organizacional: su naturaleza, sus orÃ­genes y perspectivas",
    "Editorial": "Acuity Productions",
    "Autor": "ESPINOZA CELADA, GABRIELA TATIANA",
    "Edicion": 1,
    "Categoria": "Literatura"
}, {
    "ISBN": 10939,
    "Año": 1973,
    "Idioma": "Español",
    "Titulo": "Desarrollo organizacional : estrategias de interrelación humana para el desarrollo de organizaciones v 2 : Desarrollo organizacional: estrategias y modelos",
    "Editorial": "Ad Qualite",
    "Autor": "ESPINOZA DE LEE, OLGA",
    "Edicion": 1,
    "Categoria": "Ensayo"
}, {
    "ISBN": 10940,
    "Año": 1973,
    "Idioma": "Español",
    "Titulo": "Desarrollo organizacional : estrategias de interrelación humana para el desarrollo de organizaciones v 3 El modelo de cuadro organizacional GRID",
    "Editorial": "Ad-Hoc",
    "Autor": "ESPINOZA DE TARACENA, TELMA ONELIA",
    "Edicion": 3,
    "Categoria": "Ensayo"
}, {
    "ISBN": 10941,
    "Año": 1973,
    "Idioma": "Español",
    "Titulo": "Desarrollo organizacional : estrategias de interrelación humana para el desarrollo de organizaciones v 4 Desarrollo organizaciones: diagnóstico y acción",
    "Editorial": "ADAE",
    "Autor": "ESPINOZA DEL VALLE, MIRNA",
    "Edicion": 1,
    "Categoria": "Ensayo"
}]