[ {
    "ISBN": 10928,
    "Año": 1977,
    "Idioma": "Español",
    "Titulo": "Cómo resolver el problema de falta de tiempo",
    "Editorial": "ACOME",
    "Autor": "ESPINOSA AJA DE GAITÁN, CRISTINA FLOR DEL ROCÍO",
    "Edicion": 4,
    "Categoria": "Informativos"
}, {
    "ISBN": 10930,
    "Año": 1965,
    "Idioma": "Ingles",
    "Titulo": "PsicologÃ­a aplicada a la enseÃ±anza",
    "Editorial": "ACOUSTIC COMMUNICATIONS GROUP",
    "Autor": "ESPINOSA AJA, HÃ‰CTOR OMAR",
    "Edicion": 4,
    "Categoria": "Informativos"
}, {
    "ISBN": 10932,
    "Año": 1987,
    "Idioma": "Frances",
    "Titulo": "Pan Am: an airline and its aircraft",
    "Editorial": "ACPD",
    "Autor": "ESPINOSA ALARCÃ“N, ANDRÃ‰S",
    "Edicion": 4,
    "Categoria": "Informativos"
}, {
    "ISBN": 10933,
    "Año": 1967,
    "Idioma": "Frances",
    "Titulo": "La Mujer de pelo largo / Leonor Paz y Paz G.",
    "Editorial": "ACRIBIA",
    "Autor": "ESPINOSA DE LOS MONTEROS, ORLANDO",
    "Edicion": 1,
    "Categoria": "Informativos"
}, {
    "ISBN": 10934,
    "Año": 1923,
    "Idioma": "Español",
    "Titulo": "El libro de la piedad y de la muerte",
    "Editorial": "Acropolis",
    "Autor": "ESPINOSA MORETT, ALFREDO",
    "Edicion": 1,
    "Categoria": "Informativos"
}, {
    "ISBN": 10935,
    "Año": 1927,
    "Idioma": "Español",
    "Titulo": "PolÃ­tica. Figuras. Paisajes",
    "Editorial": "Actar",
    "Autor": "ESPINOSA PÃ“LIT, AURELIO",
    "Edicion": 1,
    "Categoria": "Biografia"
}, {
    "ISBN": 10936,
    "Año": 1955,
    "Idioma": "Español",
    "Titulo": "Educación y vida",
    "Editorial": "Action Media",
    "Autor": "ESPINOSA, GUADALUPE",
    "Edicion": 1,
    "Categoria": "Literatura"
}, {
    "ISBN": 10937,
    "Año": 1959,
    "Idioma": "Español",
    "Titulo": "Lo que EspaÃ±a lleva a America",
    "Editorial": "Actualidad Económica",
    "Autor": "ESPINOZA AGUILERA, RAÃšL",
    "Edicion": 1,
    "Categoria": "Literatura"
}, {
    "ISBN": 10938,
    "Año": 1973,
    "Idioma": "Español",
    "Titulo": "Desarrollo organizacional : estrategias de interrelación humana para el desarrollo de organizaciones v 1 Desarrollo organizacional: su naturaleza, sus orÃ­genes y perspectivas",
    "Editorial": "Acuity Productions",
    "Autor": "ESPINOZA CELADA, GABRIELA TATIANA",
    "Edicion": 1,
    "Categoria": "Literatura"
}, {
    "ISBN": 10939,
    "Año": 1973,
    "Idioma": "Español",
    "Titulo": "Desarrollo organizacional : estrategias de interrelación humana para el desarrollo de organizaciones v 2 : Desarrollo organizacional: estrategias y modelos",
    "Editorial": "Ad Qualite",
    "Autor": "ESPINOZA DE LEE, OLGA",
    "Edicion": 1,
    "Categoria": "Ensayo"
}, {
    "ISBN": 10940,
    "Año": 1973,
    "Idioma": "Español",
    "Titulo": "Desarrollo organizacional : estrategias de interrelación humana para el desarrollo de organizaciones v 3 El modelo de cuadro organizacional GRID",
    "Editorial": "Ad-Hoc",
    "Autor": "ESPINOZA DE TARACENA, TELMA ONELIA",
    "Edicion": 3,
    "Categoria": "Ensayo"
}, {
    "ISBN": 10941,
    "Año": 1973,
    "Idioma": "Español",
    "Titulo": "Desarrollo organizacional : estrategias de interrelación humana para el desarrollo de organizaciones v 4 Desarrollo organizaciones: diagnóstico y acción",
    "Editorial": "ADAE",
    "Autor": "ESPINOZA DEL VALLE, MIRNA",
    "Edicion": 1,
    "Categoria": "Ensayo"
}]