{
	"Usuarios":[
		{
			"Carnet": 20,
			"Nombre": "Ricardo",
			"Apellido": "Cutz",
			"Carrera": "Ingenieria en Sistemas",
			"Password": "123456"
		},
		{
			"Carnet": 33,
			"Nombre": "Juanito",
			"Apellido": "Hernandez",
			"Carrera": "Ingenieria Civil",
			"Password": "123456"
		},
		{
			"Carnet": 21,
			"Nombre": "Antonio",
			"Apellido": "Hernandez",
			"Carrera": "Ingenieria Electrica",
			"Password": "123456"
		},
		{
			"Carnet": 10,
			"Nombre": "R",
			"Apellido": "C",
			"Carrera": "I ",
			"Password": "55"
		},
		{
			"Carnet": 12,
			"Nombre": "u",
			"Apellido": "ndez",
			"Carrera": " Civil",
			"Password": "0000"
		},
		{
			"Carnet": 14,
			"Nombre": "nio",
			"Apellido": "SSSz",
			"Carrera": "ca",
			"Password": "0000"
		},
		{
			"Carnet": 56,
			"Nombre": "selena",
			"Apellido": "lopez",
			"Carrera": "Sistemas",
			"Password": "ttafadf"
		},
		{
			"Carnet": 100,
			"Nombre": "karla",
			"Apellido": "estrada",
			"Carrera": " Civil",
			"Password": "adfadf"
		}
	]
}
