<?xml version="1.0" encoding="UTF-8"?>
<project-private xmlns="http://www.netbeans.org/ns/project-private/1">
    <editor-bookmarks xmlns="http://www.netbeans.org/ns/editor-bookmarks/2" lastBookmarkId="0"/>
    <open-files xmlns="http://www.netbeans.org/ns/projectui-open-files/2">
        <group>
            <file>file:/C:/Users/MALDONADO/Desktop/Proyecto2EDD20/py2final/src/arbol_B/MainB.java</file>
            <file>file:/C:/Users/MALDONADO/Desktop/Proyecto2EDD20/py2final/src/principal/InicioMain.java</file>
            <file>file:/C:/Users/MALDONADO/Desktop/Proyecto2EDD20/py2final/src/py2final/Py2final.java</file>
            <file>file:/C:/Users/MALDONADO/Desktop/Proyecto2EDD20/py2final/src/arbol_B/Ordenable.java</file>
            <file>file:/C:/Users/MALDONADO/Desktop/Proyecto2EDD20/py2final/src/tablahash/NodoHash.java</file>
            <file>file:/C:/Users/MALDONADO/Desktop/Proyecto2EDD20/py2final/src/arbol_B/Nodo.java</file>
            <file>file:/C:/Users/MALDONADO/Desktop/Proyecto2EDD20/py2final/src/arbol_B/ArbolB.java</file>
            <file>file:/C:/Users/MALDONADO/Desktop/Proyecto2EDD20/py2final/src/AVL/MainAVL.java</file>
            <file>file:/C:/Users/MALDONADO/Desktop/Proyecto2EDD20/py2final/src/arbol_B/insercionLlaves.java</file>
            <file>file:/C:/Users/MALDONADO/Desktop/Proyecto2EDD20/py2final/src/tablahash/MainTH.java</file>
            <file>file:/C:/Users/MALDONADO/Desktop/Proyecto2EDD20/py2final/build.xml</file>
            <file>file:/C:/Users/MALDONADO/Desktop/Proyecto2EDD20/py2final/src/arbol_B/LlaveEntero.java</file>
            <file>file:/C:/Users/MALDONADO/Desktop/Proyecto2EDD20/py2final/src/tablahash/TablaHash.java</file>
            <file>file:/C:/Users/MALDONADO/Desktop/Proyecto2EDD20/py2final/src/Interfaz20/uno.java</file>
        </group>
    </open-files>
</project-private>
